id,precio,superficie_m2,habitaciones,antiguedad_años,barrio,precio_m2
1,648900.0,232.9,6,5.0,Palermo,2786.17
2,210000.0,190.1,6,1.0,Sur,1104.68
3,254800.0,103.6,4,18.0,Belgrano,2459.46
4,594000.0,189.2,6,4.0,Palermo,3139.53
5,170200.0,90.6,2,45.0,Centro,1878.59
6,301300.0,100.6,3,29.0,Recoleta,2995.03
7,161000.0,49.3,2,1.0,Palermo,3265.72
8,309100.0,112.0,5,50.0,Palermo,2759.82
9,175500.0,93.0,2,27.0,Centro,1887.1
10,43200.0,44.0,2,41.0,Sur,981.82
11,143600.0,87.5,4,23.0,Norte,1641.14
12,74700.0,86.1,3,35.0,Mataderos,867.6
13,303700.0,241.9,6,47.0,Este,1255.48
14,420500.0,147.2,5,53.0,Belgrano,2856.66
15,118400.0,90.6,3,16.0,Sur,1306.84
16,169000.0,103.2,3,41.0,Norte,1637.6
17,113900.0,92.2,2,55.0,Este,1235.36
18,160200.0,80.5,3,40.0,Centro,1990.06
19,121800.0,49.6,1,12.0,Belgrano,2455.65
20,119400.0,82.8,3,15.0,Este,1442.03
21,178100.0,59.7,1,16.0,Palermo,2983.25
22,65700.0,45.2,1,2.0,Norte,1453.54
23,379900.0,119.2,4,1.0,Recoleta,3187.08
24,108900.0,111.6,4,58.0,Mataderos,975.81
25,86500.0,33.7,1,33.0,Palermo,2566.77
26,165400.0,84.1,3,37.0,Centro,1966.71
27,193200.0,155.6,6,2.0,Sur,1241.65
28,874865.51,161.2,6,27.0,Centro,5427.21
29,339900.0,158.2,7,30.0,Centro,2148.55
30,237400.0,91.9,3,37.0,Palermo,2583.24
31,159700.0,56.5,2,21.0,Palermo,2826.55
32,186800.0,49.6,2,8.0,Recoleta,3766.13
33,168800.0,108.8,5,36.0,Norte,1551.47
34,189100.0,110.9,3,50.0,Norte,1705.14
35,220500.0,182.7,6,9.0,Sur,1206.9
36,383800.0,164.8,7,16.0,Centro,2328.88
37,171800.0,83.7,3,19.0,Centro,2052.57
38,68700.0,45.4,2,2.0,Sur,1513.22
39,138400.0,75.5,3,4.0,Norte,1833.11
40,118400.0,101.4,3,34.0,Este,1167.65
41,89100.0,80.5,3,40.0,Sur,1106.83
42,148100.0,65.5,2,20.0,Belgrano,2261.07
43,276800.0,103.4,4,,Palermo,2676.98
44,105300.0,68.2,2,6.0,Norte,1543.99
45,,63.7,2,4.0,Belgrano,
46,253500.0,106.8,4,49.0,Belgrano,2373.6
47,79600.0,72.1,4,41.0,Sur,1104.02
48,193200.0,102.9,3,14.0,Norte,1877.55
49,269100.0,104.6,4,29.0,Palermo,2572.66
50,117900.0,48.1,1,7.0,Centro,2451.14
51,131100.0,69.1,3,41.0,Centro,1897.25
52,401400.0,198.5,6,46.0,Centro,2022.17
53,133600.0,47.5,2,20.0,Palermo,2812.63
54,38100.0,28.1,2,24.0,Este,1355.87
55,95400.0,32.3,1,18.0,Palermo,2953.56
56,266400.0,91.5,4,4.0,Palermo,2911.48
57,109900.0,91.5,2,3.0,Sur,1201.09
58,109900.0,84.4,4,5.0,Este,1302.13
59,344200.0,175.5,6,28.0,Centro,1961.25
60,198517.02,28.0,2,52.0,Centro,7089.89
61,134000.0,111.9,3,46.0,Este,1197.5
62,240900.0,212.4,6,5.0,Sur,1134.18
63,68000.0,48.4,2,3.0,Este,1404.96
64,209500.0,73.0,3,16.0,Palermo,2869.86
65,68900.0,59.5,2,55.0,Este,1157.98
66,81600.0,55.0,3,22.0,Este,1483.64
67,83100.0,75.2,2,34.0,Este,1105.05
68,353700.0,197.3,7,16.0,Norte,1792.7
69,505700.0,247.2,6,4.0,Centro,2045.71
70,80500.0,74.8,3,22.0,Sur,1076.2
71,387400.0,256.6,5,52.0,Norte,1509.74
72,123600.0,91.8,4,9.0,Sur,1346.41
73,541500.0,236.1,5,0.0,Belgrano,2293.52
74,159500.0,85.5,3,13.0,Norte,1865.5
75,254600.0,96.7,3,53.0,Centro,2632.89
76,196500.0,110.0,4,27.0,Norte,1786.36
77,543000.0,380.0,6,42.0,Norte,1428.95
78,186500.0,143.7,6,3.0,Este,1297.84
79,68400.0,61.0,2,34.0,Este,1121.31
80,502700.0,153.4,5,8.0,Palermo,3277.05
81,83700.0,73.8,2,0.0,Este,1134.15
82,75800.0,68.7,3,16.0,Sur,1103.35
83,399700.0,148.3,6,55.0,Belgrano,2695.21
84,173600.0,91.6,3,54.0,Centro,1895.2
85,226700.0,104.9,4,1.0,Centro,2161.11
86,174200.0,90.7,2,0.0,Centro,1920.62
87,319600.0,108.3,4,18.0,Palermo,2951.06
88,115100.0,113.7,3,42.0,Sur,1012.31
89,61800.0,31.0,2,26.0,Centro,1993.55
90,155100.0,129.9,5,18.0,Sur,1194.0
91,105900.0,52.4,3,18.0,Centro,2020.99
92,113600.0,40.7,1,28.0,Palermo,2791.15
93,101000.0,87.2,3,2.0,Sur,1158.26
94,319806.57,94.3,4,1.0,Sur,3391.37
95,97600.0,61.5,3,5.0,Norte,1586.99
96,211800.0,142.1,5,12.0,Este,1490.5
97,69900.0,43.0,2,2.0,Norte,1625.58
98,146200.0,72.0,3,5.0,Centro,2030.56
99,127700.0,65.2,2,10.0,Centro,1958.59
100,274000.0,87.7,3,0.0,Recoleta,3124.29
101,350037.49,104.9,4,5.0,Mataderos,3336.87
102,133600.0,51.7,1,24.0,Palermo,2584.14
103,206500.0,134.0,5,51.0,Norte,1541.04
104,293200.0,93.2,4,38.0,Recoleta,3145.92
105,72400.0,31.8,1,45.0,Palermo,2276.73
106,81900.0,30.6,1,3.0,Palermo,2676.47
107,125300.0,89.4,4,7.0,Sur,1401.57
108,482577.93,79.7,3,24.0,Norte,6054.93
109,479545.23,85.0,3,55.0,Centro,5641.71
110,63100.0,88.6,3,48.0,Mataderos,712.19
111,131900.0,101.9,3,48.0,Sur,1294.41
112,218500.0,151.6,5,53.0,Norte,1441.29
113,68100.0,48.8,1,25.0,Norte,1395.49
114,,47.2,2,2.0,Este,
115,84300.0,49.3,1,55.0,Centro,1709.94
116,242800.0,105.5,4,36.0,Belgrano,2301.42
117,438400.0,178.5,6,21.0,Palermo,2456.02
118,212200.0,71.0,3,20.0,Palermo,2988.73
119,34500.0,28.0,1,5.0,Sur,1232.14
120,50600.0,35.3,2,7.0,Este,1433.43
121,80100.0,56.9,2,,Este,1407.73
122,80600.0,66.2,1,,Este,1217.52
123,169600.0,719.0,2,5.0,Centro,235.88
124,124400.0,91.9,3,0.0,Sur,1353.65
125,150800.0,75.8,2,59.0,Centro,1989.45
126,223500.0,160.3,6,28.0,Sur,1394.26
127,101500.0,62.1,2,45.0,Norte,1634.46
128,120900.0,56.0,3,0.0,Centro,2158.93
129,235500.0,117.1,3,9.0,Centro,2011.1
130,53900.0,38.7,2,1.0,Este,1392.76
131,261200.0,111.5,3,46.0,Centro,2342.6
132,86200.0,95.2,3,10.0,Mataderos,905.46
133,116900.0,83.0,3,37.0,Este,1408.43
134,316400.0,215.6,5,24.0,Norte,1467.53
135,88600.0,63.9,2,0.0,Este,1386.54
136,648300.0,279.5,7,57.0,Centro,2319.5
137,273700.0,79.5,3,0.0,Recoleta,3442.77
138,50900.0,44.6,2,0.0,Sur,1141.26
139,269200.0,93.5,4,24.0,Palermo,2879.14
140,119100.0,49.8,2,2.0,Centro,2391.57
141,54800.0,59.5,2,42.0,Sur,921.01
142,145700.0,112.0,3,7.0,Sur,1300.89
143,133100.0,122.2,5,18.0,Mataderos,1089.2
144,,63.9,2,38.0,Este,
145,174300.0,154.9,5,,Sur,1125.24
146,282900.0,170.1,6,10.0,Norte,1663.14
147,379100.0,198.3,6,3.0,Norte,1911.75
148,160900.0,120.4,4,2.0,Sur,1336.38
149,216300.0,190.5,6,,Sur,1135.43
150,55100.0,32.0,1,46.0,Centro,1721.88
151,175300.0,75.6,3,0.0,Belgrano,2318.78
152,42800.0,55.9,1,28.0,Mataderos,765.65
153,209000.0,96.1,3,20.0,Centro,2174.82
154,89600.0,65.7,4,21.0,Este,1363.77
155,161900.0,82.1,4,37.0,Centro,1971.99
156,682200.0,253.4,6,7.0,Palermo,2692.19
157,,82.0,2,31.0,Norte,
158,150800.0,113.0,4,6.0,Este,1334.51
159,238700.0,79.2,3,0.0,Palermo,3013.89
160,260300.0,93.8,3,28.0,Palermo,2775.05
161,805621.11,90.3,3,0.0,Centro,8921.61
162,106500.0,115.2,4,53.0,Mataderos,924.48
163,314600.0,170.8,6,2.0,Norte,1841.92
164,468300.0,222.7,5,1.0,Centro,2102.83
165,152800.0,106.7,4,2.0,Este,1432.05
166,207400.0,124.5,5,,Norte,1665.86
167,103200.0,47.8,1,59.0,Belgrano,2159.0
168,265200.0,85.8,3,5.0,Belgrano,3090.91
169,232000.0,151.0,5,34.0,Norte,1536.42
170,499000.0,144.9,5,8.0,Recoleta,3443.75
171,173100.0,101.1,3,9.0,Norte,1712.17
172,184100.0,146.5,6,13.0,Sur,1256.66
173,171600.0,117.9,5,41.0,Norte,1455.47
174,,174.2,5,0.0,Mataderos,
175,210400.0,105.5,4,1.0,Centro,1994.31
176,142500.0,74.0,2,41.0,Centro,1925.68
177,114900.0,108.3,4,2.0,Sur,1060.94
178,89100.0,28.0,1,29.0,Recoleta,3182.14
179,95600.0,111.1,4,53.0,Mataderos,860.49
180,98300.0,28.0,2,45.0,Palermo,3510.71
181,23800.0,34.9,1,44.0,Mataderos,681.95
182,102400.0,115.4,4,52.0,Mataderos,887.35
183,149400.0,117.0,4,15.0,Sur,1276.92
184,65900.0,47.5,1,46.0,Norte,1387.37
185,162000.0,60.8,3,3.0,Palermo,2664.47
186,250500.0,191.3,6,3.0,Este,1309.46
187,113500.0,69.0,3,36.0,Norte,1644.93
188,569600.0,309.0,7,3.0,Centro,1843.37
189,249600.0,89.9,3,53.0,Palermo,2776.42
190,204500.0,112.6,4,51.0,Norte,1816.16
191,183200.0,219.0,5,54.0,Mataderos,836.53
192,146600.0,96.7,3,50.0,Norte,1516.03
193,94600.0,51.9,1,25.0,Centro,1822.74
194,218800.0,84.7,2,45.0,Belgrano,2583.23
195,167600.0,88.3,3,5.0,Centro,1898.07
196,74300.0,42.5,1,,Centro,1748.24
197,101600.0,78.2,2,0.0,Este,1299.23
198,131100.0,59.8,3,56.0,Belgrano,2192.31
199,276600.0,149.6,5,37.0,Centro,1848.93
200,165000.0,91.7,5,31.0,Norte,1799.35
201,210300.0,77.0,2,14.0,Palermo,2731.17
202,271800.0,84.9,3,40.0,Recoleta,3201.41
203,126700.0,101.8,3,5.0,Sur,1244.6
204,281400.0,126.4,6,33.0,Centro,2226.27
205,116400.0,51.9,3,42.0,Centro,2242.77
206,78200.0,50.8,2,51.0,Norte,1539.37
207,350500.0,165.2,5,13.0,Centro,2121.67
208,197000.0,71.7,3,28.0,Palermo,2747.56
209,87100.0,41.3,1,,Centro,2108.96
210,,114.9,5,,Sur,
211,339500.0,116.1,5,1.0,Palermo,2924.2
212,44200.0,38.8,1,48.0,Este,1139.18
213,224000.0,102.1,2,52.0,Centro,2193.93
214,311800.0,134.9,4,57.0,Belgrano,2311.34
215,270300.0,110.6,4,38.0,Palermo,2443.94
216,364700.0,127.4,5,18.0,Palermo,2862.64
217,86800.0,41.6,2,35.0,Centro,2086.54
218,,108.0,3,3.0,Centro,
219,72000.0,76.2,3,10.0,Mataderos,944.88
220,78100.0,69.0,3,1.0,Sur,1131.88
221,300600.0,145.3,4,34.0,Norte,2068.82
222,273500.0,203.0,6,,Sur,1347.29
223,317500.0,241.5,6,16.0,Este,1314.7
224,640300.0,185.5,6,54.0,Recoleta,3451.75
225,127600.0,84.7,2,4.0,Norte,1506.49
226,107200.0,109.3,4,36.0,Mataderos,980.79
227,259500.0,137.2,5,41.0,Centro,1891.4
228,129400.0,96.2,3,36.0,Este,1345.11
229,117200.0,96.7,3,54.0,Este,1212.0
230,,141.6,5,14.0,Centro,
231,180100.0,87.1,3,45.0,Centro,2067.74
232,51600.0,60.3,2,58.0,Sur,855.72
233,208900.0,71.7,2,17.0,Recoleta,2913.53
234,164300.0,127.5,4,19.0,Este,1288.63
235,97800.0,90.1,3,31.0,Mataderos,1085.46
236,268000.0,108.5,3,44.0,Belgrano,2470.05
237,181700.0,130.1,5,57.0,Sur,1396.62
238,173300.0,73.2,3,48.0,Palermo,2367.49
239,290600.0,136.4,5,5.0,Centro,2130.5
240,256900.0,110.8,5,3.0,Centro,2318.59
241,98600.0,45.6,1,40.0,Belgrano,2162.28
242,448000.0,199.0,5,16.0,Belgrano,2251.26
243,112900.0,68.3,3,30.0,Norte,1653.0
244,49000.0,36.2,1,4.0,Este,1353.59
245,75000.0,50.7,2,6.0,Este,1479.29
246,107200.0,51.3,2,52.0,Belgrano,2089.67
247,112500.0,92.6,4,,Este,1214.9
248,98400.0,77.4,3,0.0,Sur,1271.32
249,,74.8,3,5.0,Norte,
250,148400.0,126.6,4,9.0,Sur,1172.2
251,158900.0,108.5,3,11.0,Este,1464.52
252,270600.0,107.1,4,44.0,Belgrano,2526.61
253,169100.0,112.8,5,16.0,Sur,1499.11
254,227200.0,126.3,5,18.0,Norte,1798.89
255,42000.0,28.2,1,52.0,Norte,1489.36
256,707693.37,73.7,3,53.0,Palermo,9602.35
257,69200.0,280.0,2,46.0,Belgrano,247.14
258,189400.0,91.8,4,22.0,Centro,2063.18
259,181000.0,89.8,3,36.0,Centro,2015.59
260,217600.0,159.9,6,16.0,Este,1360.85
261,365900.0,173.0,6,,Centro,2115.03
262,248300.0,100.6,4,9.0,Belgrano,2468.19
263,156200.0,68.3,2,3.0,Norte,2286.97
264,271900.0,117.5,4,33.0,Centro,2314.04
265,63400.0,67.3,3,5.0,Mataderos,942.05
266,209800.0,89.9,3,29.0,Centro,2333.7
267,295300.0,154.8,6,0.0,Norte,1907.62
268,141700.0,66.2,2,46.0,Centro,2140.48
269,298900.0,140.2,6,1.0,Centro,2131.95
270,251700.0,130.6,4,30.0,Centro,1927.26
271,122500.0,53.2,2,25.0,Centro,2302.63
272,358300.0,153.8,5,23.0,Centro,2329.65
273,301100.0,132.2,5,31.0,Centro,2277.61
274,106600.0,95.2,3,19.0,Este,1119.75
275,161100.0,59.2,1,20.0,Palermo,2721.28
276,60000.0,56.1,1,2.0,Sur,1069.52
277,97800.0,67.0,2,5.0,Norte,1459.7
278,144000.0,121.3,4,4.0,Sur,1187.14
279,122600.0,53.2,2,,Belgrano,2304.51
280,261200.0,114.5,4,14.0,Belgrano,2281.22
281,83400.0,45.5,1,13.0,Centro,1832.97
282,158400.0,80.4,3,59.0,Centro,1970.15
283,175200.0,95.6,3,31.0,Norte,1832.64
284,572800.0,345.4,6,22.0,Norte,1658.37
285,66700.0,42.2,2,27.0,Este,1580.57
286,280900.0,202.2,6,,Sur,1389.22
287,180200.0,977.0,3,22.0,Centro,184.44
288,194400.0,112.8,5,3.0,Norte,1723.4
289,109600.0,96.1,4,0.0,Sur,1140.48
290,240900.0,114.9,3,8.0,Centro,2096.61
291,185600.0,827.0,3,28.0,Belgrano,224.43
292,411000.0,200.2,5,1.0,Centro,2052.95
293,67300.0,70.0,3,3.0,Mataderos,961.43
294,375200.0,167.8,7,,Centro,2236.0
295,498965.62,63.1,2,17.0,Belgrano,7907.54
296,84600.0,87.1,3,3.0,Mataderos,971.3
297,166500.0,49.9,2,17.0,Recoleta,3336.67
298,248000.0,115.6,5,41.0,Belgrano,2145.33
299,586600.0,199.3,6,2.0,Palermo,2943.3
300,109700.0,86.3,3,39.0,Este,1271.15
301,218000.0,80.8,3,41.0,Palermo,2698.02
302,96300.0,48.8,1,56.0,Centro,1973.36
303,107600.0,79.3,2,25.0,Este,1356.87
304,30600.0,37.5,1,,Sur,816.0
305,112800.0,54.5,1,5.0,Belgrano,2069.72
306,97400.0,102.0,3,42.0,Sur,954.9
307,236200.0,185.9,6,41.0,Sur,1270.58
308,505200.0,380.0,7,0.0,Este,1329.47
309,102900.0,65.2,3,30.0,Norte,1578.22
310,353000.0,1982.0,5,48.0,Centro,178.1
311,116000.0,102.9,4,4.0,Sur,1127.31
312,110900.0,82.8,4,2.0,Sur,1339.37
313,197000.0,114.2,4,32.0,Norte,1725.04
314,153500.0,93.1,3,43.0,Norte,1648.76
315,173300.0,95.6,2,3.0,Norte,1812.76
316,111200.0,71.9,3,,Norte,1546.59
317,73900.0,41.7,1,3.0,Norte,1772.18
318,91600.0,38.5,1,46.0,Palermo,2379.22
319,204800.0,128.9,4,10.0,Norte,1588.83
320,56300.0,77.3,3,57.0,Mataderos,728.33
321,62400.0,64.8,3,0.0,Mataderos,962.96
322,108500.0,90.4,3,9.0,Sur,1200.22
323,234700.0,139.4,4,0.0,Norte,1683.64
324,141300.0,99.4,2,50.0,Este,1421.53
325,150800.0,62.7,2,20.0,Belgrano,2405.1
326,256200.0,176.7,6,56.0,Este,1449.92
327,567900.0,214.5,5,3.0,Belgrano,2647.55
328,159500.0,118.1,4,3.0,Este,1350.55
329,201400.0,153.7,5,24.0,Este,1310.34
330,299500.0,178.2,5,1.0,Norte,1680.7
331,418800.0,167.6,6,3.0,Palermo,2498.81
332,209200.0,126.2,5,56.0,Norte,1657.69
333,336900.0,125.1,5,15.0,Palermo,2693.05
334,292400.0,119.8,4,3.0,Belgrano,2440.73
335,103300.0,49.2,2,34.0,Centro,2099.59
336,155900.0,132.3,4,12.0,Este,1178.38
337,80400.0,42.7,2,55.0,Centro,1882.9
338,587470.15,58.1,2,24.0,Palermo,10111.36
339,377400.0,184.3,6,39.0,Centro,2047.75
340,124800.0,142.9,5,43.0,Mataderos,873.34
341,447500.0,204.0,6,5.0,Centro,2193.63
342,244600.0,77.5,3,17.0,Recoleta,3156.13
343,111000.0,47.8,2,2.0,Belgrano,2322.18
344,,78.9,1,22.0,Este,
345,263900.0,95.2,4,1.0,Palermo,2772.06
346,211600.0,94.0,2,6.0,Belgrano,2251.06
347,177200.0,167.9,6,50.0,Mataderos,1055.39
348,144500.0,73.8,3,13.0,Norte,1957.99
349,141400.0,109.2,4,10.0,Este,1294.87
350,96800.0,52.3,1,35.0,Centro,1850.86
351,139000.0,115.3,3,5.0,Este,1205.55
352,199400.0,90.2,4,40.0,Centro,2210.64
353,70300.0,59.6,1,34.0,Este,1179.53
354,108600.0,79.1,4,0.0,Este,1372.95
355,76900.0,81.3,3,32.0,Sur,945.88
356,81400.0,77.6,2,47.0,Sur,1048.97
357,601300.0,238.4,6,40.0,Palermo,2522.23
358,175600.0,85.3,2,27.0,Belgrano,2058.62
359,92600.0,78.7,3,2.0,Sur,1176.62
360,39500.0,28.4,1,3.0,Este,1390.85
361,43900.0,55.0,1,5.0,Mataderos,798.18
362,203700.0,77.9,3,,Centro,2614.89
363,121800.0,61.7,2,20.0,Centro,1974.07
364,372300.0,192.4,7,16.0,Centro,1935.03
365,112300.0,82.2,2,2.0,Este,1366.18
366,190800.0,182.8,7,22.0,Sur,1043.76
367,,93.1,3,32.0,Palermo,
368,233300.0,91.9,3,14.0,Palermo,2538.63
369,131300.0,85.7,3,20.0,Norte,1532.09
370,85100.0,90.2,3,6.0,Mataderos,943.46
371,589700.0,231.6,5,7.0,Palermo,2546.2
372,46000.0,28.0,1,,Norte,1642.86
373,49800.0,29.9,1,29.0,Norte,1665.55
374,103700.0,66.8,1,41.0,Norte,1552.4
375,222200.0,90.7,3,48.0,Centro,2449.83
376,278200.0,131.5,4,39.0,Centro,2115.59
377,,116.7,4,38.0,Mataderos,
378,66900.0,72.9,2,,Sur,917.7
379,220900.0,157.6,5,19.0,Sur,1401.65
380,467400.0,158.6,7,48.0,Palermo,2947.04
381,128300.0,99.6,4,56.0,Este,1288.15
382,135700.0,152.8,6,36.0,Mataderos,888.09
383,349800.0,104.6,3,5.0,Palermo,3344.17
384,77400.0,66.1,2,12.0,Sur,1170.95
385,235900.0,132.1,5,3.0,Norte,1785.77
386,294200.0,95.6,3,3.0,Recoleta,3077.41
387,232700.0,90.1,4,17.0,Palermo,2582.69
388,770600.0,202.3,5,8.0,Recoleta,3809.19
389,63500.0,28.0,1,2.0,Centro,2267.86
390,102300.0,41.3,1,1.0,Belgrano,2477.0
391,66800.0,46.8,2,3.0,Este,1427.35
392,139800.0,73.7,2,26.0,Centro,1896.88
393,106300.0,78.2,3,59.0,Este,1359.34
394,129700.0,39.3,1,3.0,Palermo,3300.25
395,112700.0,52.4,1,0.0,Centro,2150.76
396,,56.1,2,20.0,Sur,
397,977800.0,347.7,6,4.0,Belgrano,2812.19
398,442900.0,242.4,6,42.0,Norte,1827.15
399,,71.8,2,49.0,Sur,
400,89100.0,73.7,3,51.0,Sur,1208.96
401,94100.0,47.8,2,1.0,Norte,1968.62
402,19900.0,31.5,1,47.0,Mataderos,631.75
403,213800.0,84.4,3,2.0,Palermo,2533.18
404,98900.0,52.0,3,39.0,Centro,1901.92
405,264600.0,85.9,2,10.0,Recoleta,3080.33
406,87300.0,37.3,2,34.0,Belgrano,2340.48
407,,59.2,1,35.0,Norte,
408,229400.0,97.7,4,2.0,Belgrano,2348.0
409,202800.0,110.1,5,,Centro,1841.96
410,371300.0,113.2,4,44.0,Recoleta,3280.04
411,58900.0,43.5,2,2.0,Este,1354.02
412,206800.0,144.0,5,34.0,Este,1436.11
413,139200.0,58.0,2,20.0,Centro,2400.0
414,133000.0,127.5,4,19.0,Mataderos,1043.14
415,177400.0,89.5,3,12.0,Centro,1982.12
416,63100.0,42.2,1,23.0,Norte,1495.26
417,171000.0,75.6,3,,Centro,2261.9
418,281800.0,110.0,3,5.0,Palermo,2561.82
419,274800.0,126.1,4,39.0,Centro,2179.22
420,74700.0,83.3,2,4.0,Mataderos,896.76
421,321600.0,209.0,6,38.0,Este,1538.76
422,391800.0,156.6,6,31.0,Centro,2501.92
423,148800.0,78.2,3,28.0,Centro,1902.81
424,310400.0,136.0,5,3.0,Centro,2282.35
425,339700.0,260.7,6,5.0,Este,1303.03
426,706600.0,264.6,6,27.0,Belgrano,2670.45
427,82700.0,45.8,2,2.0,Norte,1805.68
428,134400.0,54.1,2,1.0,Belgrano,2484.29
429,468400.0,203.7,6,20.0,Centro,2299.46
430,138200.0,50.3,3,20.0,Belgrano,2747.51
431,42200.0,43.5,1,9.0,Mataderos,970.11
432,234600.0,68.9,2,29.0,Palermo,3404.93
433,291400.0,113.4,4,44.0,Palermo,2569.66
434,220200.0,85.1,3,,Belgrano,2587.54
435,129800.0,62.9,1,59.0,Centro,2063.59
436,102900.0,62.1,3,7.0,Norte,1657.0
437,144400.0,60.8,2,46.0,Centro,2375.0
438,58900.0,55.5,1,48.0,Sur,1061.26
439,994200.0,315.7,7,29.0,Palermo,3149.19
440,120600.0,106.0,4,20.0,Este,1137.74
441,334300.0,146.6,4,24.0,Belgrano,2280.35
442,131100.0,68.8,4,42.0,Centro,1905.52
443,270500.0,81.3,3,52.0,Palermo,3327.18
444,122200.0,60.8,2,1.0,Centro,2009.87
445,49600.0,28.0,2,33.0,Norte,1771.43
446,116400.0,42.2,2,0.0,Palermo,2758.29
447,101100.0,33.2,1,8.0,Recoleta,3045.18
448,31900.0,28.0,1,38.0,Este,1139.29
449,96900.0,46.6,2,7.0,Centro,2079.4
450,279600.0,186.5,6,5.0,Este,1499.2
451,157800.0,87.8,3,53.0,Centro,1797.27
452,477900.0,183.0,6,32.0,Belgrano,2611.48
453,354300.0,112.8,4,0.0,Palermo,3140.96
454,293000.0,138.4,5,4.0,Centro,2117.05
455,106400.0,54.8,1,4.0,Centro,1941.61
456,267100.0,120.1,3,4.0,Centro,2223.98
457,377800.0,134.4,5,1.0,Recoleta,2811.01
458,72800.0,65.5,1,17.0,Sur,1111.45
459,343500.0,122.4,4,9.0,Palermo,2806.37
460,180100.0,122.9,4,4.0,Este,1465.42
461,114300.0,66.5,3,0.0,Este,1718.8
462,90800.0,48.5,1,4.0,Centro,1872.16
463,39500.0,46.9,2,32.0,Mataderos,842.22
464,139400.0,94.4,3,20.0,Norte,1476.69
465,416023.28,107.7,4,56.0,Este,3862.8
466,163500.0,58.2,3,0.0,Palermo,2809.28
467,122500.0,91.3,3,0.0,Este,1341.73
468,115400.0,123.2,5,26.0,Mataderos,936.69
469,270400.0,126.4,4,0.0,Centro,2139.24
470,233500.0,211.3,6,5.0,Sur,1105.06
471,198500.0,181.7,7,3.0,Sur,1092.46
472,73300.0,51.9,2,17.0,Sur,1412.33
473,559600.0,227.2,7,25.0,Centro,2463.03
474,145300.0,67.2,2,49.0,Centro,2162.2
475,318600.0,159.9,5,,Norte,1992.5
476,145700.0,93.4,3,5.0,Norte,1559.96
477,83300.0,717.0,3,41.0,Sur,116.18
478,42900.0,333.0,1,0.0,Este,128.83
479,147300.0,81.9,3,28.0,Este,1798.53
480,45100.0,38.2,1,9.0,Sur,1180.63
481,168500.0,153.2,6,5.0,Sur,1099.87
482,354200.0,207.3,5,30.0,Norte,1708.63
483,93100.0,581.0,3,2.0,Este,160.24
484,180400.0,106.3,6,6.0,Norte,1697.08
485,122100.0,60.4,2,53.0,Centro,2021.52
486,81300.0,63.7,3,42.0,Sur,1276.3
487,173800.0,137.8,5,5.0,Sur,1261.25
488,152600.0,88.1,2,1.0,Norte,1732.12
489,346600.0,234.3,6,,Este,1479.3
490,77200.0,69.0,2,57.0,Este,1118.84
491,,155.9,5,35.0,Palermo,
492,158800.0,95.0,4,4.0,Este,1671.58
493,,139.4,5,,Este,
494,114300.0,70.4,3,36.0,Norte,1623.58
495,279400.0,87.6,3,5.0,Palermo,3189.5
496,112700.0,84.5,3,1.0,Este,1333.73
497,73700.0,56.8,3,,Sur,1297.54
498,158800.0,129.5,5,39.0,Este,1226.25
499,225400.0,128.7,5,,Norte,1751.36
500,155900.0,124.7,4,30.0,Sur,1250.2
501,594600.0,209.6,6,12.0,Palermo,2836.83
502,,199.7,5,2.0,Belgrano,
503,72400.0,73.2,1,,Mataderos,989.07
504,124200.0,110.5,4,16.0,Sur,1123.98
505,73300.0,63.9,2,4.0,Sur,1147.1
506,219400.0,91.2,2,,Belgrano,2405.7
507,96900.0,64.7,2,49.0,Norte,1497.68
508,552800.0,219.4,6,11.0,Belgrano,2519.6
509,112800.0,109.9,3,36.0,Sur,1026.39
510,156900.0,79.8,2,59.0,Centro,1966.17
511,340500.0,173.5,6,40.0,Centro,1962.54
512,60700.0,28.0,1,2.0,Belgrano,2167.86
513,53400.0,29.7,1,16.0,Centro,1797.98
514,241400.0,139.4,5,,Norte,1731.71
515,156000.0,93.0,4,13.0,Norte,1677.42
516,204900.0,103.3,4,57.0,Centro,1983.54
517,193422.32,43.4,1,12.0,Norte,4456.74
518,263700.0,88.9,3,5.0,Palermo,2966.25
519,506400.0,270.9,6,1.0,Centro,1869.32
520,353900.0,141.6,5,3.0,Belgrano,2499.29
521,280100.0,98.8,4,24.0,Belgrano,2835.02
522,121600.0,70.7,3,2.0,Norte,1719.94
523,150300.0,72.4,3,33.0,Centro,2075.97
524,37400.0,28.0,1,4.0,Este,1335.71
525,227200.0,103.7,4,0.0,Centro,2190.94
526,295500.0,143.3,6,44.0,Norte,2062.11
527,135000.0,37.8,2,53.0,Recoleta,3571.43
528,176900.0,62.6,2,30.0,Recoleta,2825.88
529,,47.6,1,20.0,Palermo,
530,83100.0,52.9,3,58.0,Norte,1570.89
531,271600.0,92.7,3,1.0,Palermo,2929.88
532,88400.0,28.6,1,7.0,Palermo,3090.91
533,136300.0,126.2,4,1.0,Sur,1080.03
534,180600.0,136.2,5,59.0,Este,1325.99
535,166300.0,78.4,3,9.0,Centro,2121.17
536,32400.0,28.0,1,51.0,Norte,1157.14
537,69400.0,52.0,3,4.0,Sur,1334.62
538,362900.0,177.3,5,1.0,Centro,2046.81
539,62000.0,28.0,1,3.0,Centro,2214.29
540,,74.3,3,19.0,Belgrano,
541,152200.0,47.0,2,33.0,Recoleta,3238.3
542,202900.0,140.1,5,12.0,Este,1448.25
543,155200.0,62.1,3,5.0,Belgrano,2499.19
544,415500.0,112.4,4,41.0,Recoleta,3696.62
545,333200.0,122.8,5,5.0,Centro,2713.36
546,297200.0,247.1,6,33.0,Sur,1202.75
547,79100.0,80.5,3,44.0,Sur,982.61
548,213300.0,110.7,4,3.0,Centro,1926.83
549,93900.0,39.8,2,51.0,Palermo,2359.3
550,206800.0,173.2,6,0.0,Sur,1194.0
551,50500.0,59.2,2,,Sur,853.04
552,128900.0,66.1,2,,Centro,1950.08
553,208700.0,88.9,3,1.0,Centro,2347.58
554,29700.0,38.1,1,22.0,Mataderos,779.53
555,204100.0,102.1,4,7.0,Centro,1999.02
556,267900.0,153.2,6,27.0,Norte,1748.69
557,171400.0,105.7,5,52.0,Norte,1621.57
558,39100.0,37.6,1,12.0,Sur,1039.89
559,97700.0,84.1,3,35.0,Este,1161.71
560,152800.0,135.4,5,15.0,Sur,1128.51
561,58300.0,32.0,1,28.0,Centro,1821.88
562,110700.0,49.8,3,2.0,Norte,2222.89
563,373700.0,145.8,5,5.0,Belgrano,2563.1
564,,104.4,4,49.0,Este,
565,172800.0,112.9,4,2.0,Este,1530.56
566,670000.0,250.3,6,0.0,Palermo,2676.79
567,398700.0,116.5,4,3.0,Palermo,3422.32
568,294600.0,129.2,5,34.0,Centro,2280.19
569,,380.0,6,5.0,Norte,
570,106000.0,80.0,4,25.0,Este,1325.0
571,81600.0,58.0,2,,Norte,1406.9
572,332300.0,113.9,4,41.0,Belgrano,2917.47
573,129100.0,114.6,6,10.0,Sur,1126.53
574,178000.0,67.4,3,49.0,Palermo,2640.95
575,125300.0,51.0,1,30.0,Belgrano,2456.86
576,440200.0,320.6,6,53.0,Sur,1373.05
577,86000.0,107.7,3,34.0,Mataderos,798.51
578,89000.0,60.2,3,4.0,Este,1478.41
579,412400.0,148.9,5,43.0,Belgrano,2769.64
580,163400.0,84.8,3,1.0,Norte,1926.89
581,89200.0,78.3,3,13.0,Sur,1139.21
582,159000.0,122.6,5,33.0,Este,1296.9
583,292630.26,44.2,1,3.0,Centro,6620.59
584,149200.0,109.3,3,31.0,Sur,1365.05
585,226800.0,257.7,6,0.0,Mataderos,880.09
586,142400.0,116.3,5,,Este,1224.42
587,143100.0,73.2,3,20.0,Centro,1954.92
588,111000.0,68.1,2,5.0,Norte,1629.96
589,159900.0,71.8,3,2.0,Centro,2227.02
590,168100.0,78.3,2,26.0,Centro,2146.87
591,62600.0,73.1,2,5.0,Mataderos,856.36
592,629590.48,149.0,5,21.0,Sur,4225.44
593,58000.0,34.7,2,27.0,Norte,1671.47
594,184500.0,144.6,6,33.0,Este,1275.93
595,164900.0,73.0,3,5.0,Centro,2258.9
596,179500.0,110.7,5,34.0,Norte,1621.5
597,133000.0,48.4,3,26.0,Palermo,2747.93
598,268600.0,186.9,5,3.0,Este,1437.13
599,530100.0,178.6,6,47.0,Recoleta,2968.09
600,192600.0,152.6,5,4.0,Este,1262.12
601,37800.0,39.1,1,31.0,Sur,966.75
602,402200.0,142.0,4,16.0,Palermo,2832.39
603,105100.0,112.4,4,52.0,Mataderos,935.05
604,104200.0,37.2,1,52.0,Palermo,2801.08
605,284100.0,88.8,3,14.0,Recoleta,3199.32
606,362700.0,110.0,4,0.0,Palermo,3297.27
607,324600.0,122.2,5,3.0,Belgrano,2656.3
608,211800.0,99.2,4,55.0,Centro,2135.08
609,352300.0,1056.0,4,8.0,Palermo,333.62
610,263700.0,202.4,6,16.0,Sur,1302.87
611,249200.0,176.6,7,22.0,Este,1411.1
612,33600.0,28.0,1,,Este,1200.0
613,232200.0,75.6,2,4.0,Recoleta,3071.43
614,266100.0,82.2,2,0.0,Recoleta,3237.23
615,227935.78,34.3,1,46.0,Norte,6645.36
616,240700.0,94.8,3,50.0,Palermo,2539.03
617,457900.0,178.9,6,10.0,Palermo,2559.53
618,81700.0,49.5,1,5.0,Norte,1650.51
619,240800.0,108.3,5,5.0,Centro,2223.45
620,99300.0,54.4,2,55.0,Centro,1825.37
621,170100.0,62.2,3,40.0,Palermo,2734.73
622,228000.0,202.8,5,34.0,Sur,1124.26
623,243300.0,66.8,2,48.0,Recoleta,3642.22
624,141200.0,116.1,4,37.0,Sur,1216.19
625,112300.0,32.2,1,17.0,Recoleta,3487.58
626,,250.7,5,33.0,Sur,
627,296200.0,125.4,4,43.0,Belgrano,2362.04
628,165300.0,81.4,3,6.0,Centro,2030.71
629,142500.0,123.5,4,38.0,Este,1153.85
630,106100.0,41.4,1,4.0,Belgrano,2562.8
631,191600.0,172.5,6,8.0,Mataderos,1110.72
632,218000.0,75.3,3,4.0,Belgrano,2895.09
633,149000.0,80.4,3,29.0,Centro,1853.23
634,111900.0,68.7,3,23.0,Norte,1628.82
635,147100.0,65.4,3,20.0,Centro,2249.24
636,316600.0,131.9,5,40.0,Centro,2400.3
637,288400.0,103.6,3,27.0,Palermo,2783.78
638,349400.0,128.8,5,0.0,Palermo,2712.73
639,277000.0,89.6,4,1.0,Palermo,3091.52
640,318100.0,119.4,4,1.0,Belgrano,2664.15
641,183700.0,71.5,3,24.0,Palermo,2569.23
642,891100.0,306.8,7,9.0,Belgrano,2904.5
643,299216.81,38.0,2,4.0,Centro,7874.13
644,358800.0,180.1,7,15.0,Norte,1992.23
645,224000.0,191.0,5,50.0,Este,1172.77
646,130900.0,56.3,2,15.0,Belgrano,2325.04
647,850000.0,306.7,6,22.0,Centro,2771.44
648,163300.0,155.6,5,1.0,Sur,1049.49
649,374800.0,153.5,5,,Palermo,2441.69
650,189600.0,91.4,2,14.0,Centro,2074.4
651,114700.0,79.9,3,3.0,Sur,1435.54
652,71200.0,80.2,2,53.0,Mataderos,887.78
653,288200.0,111.6,4,22.0,Palermo,2582.44
654,320100.0,194.5,6,16.0,Norte,1645.76
655,309900.0,99.4,3,45.0,Belgrano,3117.71
656,77100.0,54.5,2,10.0,Norte,1414.68
657,313300.0,141.6,5,52.0,Belgrano,2212.57
658,217500.0,149.4,6,53.0,Norte,1455.82
659,164800.0,129.0,6,52.0,Este,1277.52
660,145600.0,135.6,5,5.0,Sur,1073.75
661,131200.0,77.5,3,2.0,Norte,1692.9
662,132100.0,54.0,1,5.0,Belgrano,2446.3
663,100600.0,55.8,1,23.0,Centro,1802.87
664,69200.0,36.6,2,57.0,Centro,1890.71
665,167600.0,102.5,3,39.0,Norte,1635.12
666,210200.0,86.0,2,56.0,Palermo,2444.19
667,156800.0,70.7,3,0.0,Belgrano,2217.82
668,93500.0,28.0,1,,Recoleta,3339.29
669,97700.0,45.3,1,,Norte,2156.73
670,214800.0,166.7,6,8.0,Sur,1288.54
671,153300.0,62.4,3,7.0,Centro,2456.73
672,171700.0,109.7,3,37.0,Este,1565.18
673,125300.0,41.9,1,16.0,Recoleta,2990.45
674,521200.0,198.6,7,59.0,Palermo,2624.37
675,127000.0,83.1,3,12.0,Este,1528.28
676,122400.0,105.6,3,5.0,Sur,1159.09
677,311400.0,323.4,5,3.0,Mataderos,962.89
678,285800.0,207.2,6,10.0,Sur,1379.34
679,166600.0,76.0,3,2.0,Centro,2192.11
680,121800.0,64.9,3,3.0,Norte,1876.73
681,158800.0,75.2,2,,Centro,2111.7
682,218200.0,119.1,4,4.0,Norte,1832.07
683,161500.0,84.9,3,34.0,Centro,1902.24
684,74900.0,72.4,1,12.0,Sur,1034.53
685,294700.0,201.7,7,12.0,Este,1461.08
686,135200.0,84.5,2,43.0,Norte,1600.0
687,340900.0,318.8,6,59.0,Sur,1069.32
688,310200.0,94.6,4,20.0,Recoleta,3279.07
689,644100.0,240.3,7,1.0,Palermo,2680.4
690,145800.0,109.5,4,,Este,1331.51
691,241900.0,152.8,4,23.0,Norte,1583.12
692,66700.0,60.4,2,4.0,Mataderos,1104.3
693,97100.0,56.3,2,28.0,Norte,1724.69
694,189400.0,115.9,4,32.0,Norte,1634.17
695,149600.0,155.0,6,41.0,Mataderos,965.16
696,97200.0,92.0,4,13.0,Sur,1056.52
697,127700.0,44.4,2,3.0,Palermo,2876.13
698,52700.0,42.6,1,28.0,Este,1237.09
699,58200.0,41.1,1,1.0,Este,1416.06
700,51500.0,34.0,1,1.0,Norte,1514.71
701,,95.6,4,1.0,Norte,
702,279800.0,1671.0,5,57.0,Norte,167.44
703,193200.0,89.3,4,36.0,Centro,2163.49
704,79200.0,28.0,2,12.0,Belgrano,2828.57
705,,81.0,3,1.0,Norte,
706,102400.0,823.0,1,1.0,Este,124.42
707,729500.0,285.0,5,44.0,Belgrano,2559.65
708,,40.4,3,2.0,Palermo,
709,93800.0,72.6,2,36.0,Sur,1292.01
710,316500.0,230.0,5,9.0,Sur,1376.09
711,331500.0,115.3,5,39.0,Recoleta,2875.11
712,312600.0,122.7,4,16.0,Palermo,2547.68
713,241600.0,95.9,4,0.0,Belgrano,2519.29
714,94600.0,107.9,4,4.0,Mataderos,876.74
715,344000.0,138.0,5,40.0,Palermo,2492.75
716,129100.0,57.7,2,12.0,Centro,2237.44
717,185800.0,145.9,6,42.0,Este,1273.47
718,90000.0,42.3,3,4.0,Centro,2127.66
719,133100.0,107.8,4,58.0,Este,1234.69
720,265000.0,99.3,3,40.0,Recoleta,2668.68
721,72900.0,64.1,3,25.0,Sur,1137.29
722,125100.0,88.9,4,4.0,Sur,1407.2
723,147200.0,63.9,3,37.0,Centro,2303.6
724,160100.0,49.9,2,4.0,Recoleta,3208.42
725,144900.0,74.1,3,7.0,Centro,1955.47
726,87500.0,49.0,2,36.0,Centro,1785.71
727,176300.0,107.5,5,16.0,Norte,1640.0
728,96100.0,47.8,1,17.0,Centro,2010.46
729,155100.0,133.1,4,5.0,Sur,1165.29
730,55500.0,47.0,1,5.0,Sur,1180.85
731,102100.0,65.9,2,5.0,Norte,1549.32
732,148500.0,63.8,2,8.0,Centro,2327.59
733,372800.0,186.5,4,28.0,Centro,1998.93
734,151600.0,107.9,4,2.0,Sur,1405.0
735,180200.0,80.1,3,0.0,Centro,2249.69
736,300100.0,118.4,4,30.0,Palermo,2534.63
737,48600.0,28.2,2,4.0,Norte,1723.4
738,153300.0,87.9,3,4.0,Norte,1744.03
739,344500.0,2700.0,7,30.0,Sur,127.59
740,101500.0,96.8,4,59.0,Sur,1048.55
741,227400.0,93.4,4,53.0,Centro,2434.69
742,261700.0,121.7,5,58.0,Centro,2150.37
743,347400.0,147.3,6,0.0,Belgrano,2358.45
744,51300.0,30.0,1,28.0,Centro,1710.0
745,34400.0,35.7,2,44.0,Sur,963.59
746,120200.0,101.0,4,9.0,Sur,1190.1
747,91400.0,60.7,2,2.0,Norte,1505.77
748,221100.0,185.2,6,,Sur,1193.84
749,211300.0,75.7,4,1.0,Palermo,2791.28
750,78600.0,31.1,1,18.0,Belgrano,2527.33
751,77100.0,44.8,2,18.0,Norte,1720.98
752,56300.0,28.0,2,5.0,Norte,2010.71
753,140200.0,79.1,4,41.0,Norte,1772.44
754,99000.0,81.1,3,10.0,Sur,1220.72
755,193300.0,71.3,1,51.0,Palermo,2711.08
756,366500.0,162.9,6,5.0,Norte,2249.85
757,282400.0,174.0,5,44.0,Norte,1622.99
758,71100.0,81.9,4,23.0,Mataderos,868.13
759,59000.0,28.0,1,1.0,Centro,2107.14
760,150100.0,126.4,5,14.0,Sur,1187.5
761,329900.0,122.2,4,40.0,Palermo,2699.67
762,201400.0,106.7,3,1.0,Centro,1887.54
763,403200.0,154.4,6,19.0,Centro,2611.4
764,91000.0,47.4,2,0.0,Centro,1919.83
765,276200.0,271.7,6,0.0,Mataderos,1016.56
766,115600.0,53.1,2,,Centro,2177.02
767,,135.9,7,27.0,Centro,
768,89800.0,35.6,2,18.0,Centro,2522.47
769,125100.0,54.0,3,2.0,Centro,2316.67
770,,207.2,7,5.0,Este,
771,141100.0,78.0,4,4.0,Norte,1808.97
772,199600.0,142.8,5,0.0,Este,1397.76
773,132600.0,102.5,2,8.0,Este,1293.66
774,205200.0,85.0,3,32.0,Belgrano,2414.12
775,,190.6,6,,Centro,
776,217700.0,79.0,2,13.0,Belgrano,2755.7
777,41800.0,33.8,1,27.0,Este,1236.69
778,111300.0,57.9,2,1.0,Centro,1922.28
779,322000.0,121.9,5,1.0,Palermo,2641.51
780,260900.0,111.9,4,38.0,Belgrano,2331.55
781,58400.0,38.0,2,20.0,Norte,1536.84
782,62100.0,60.4,3,19.0,Mataderos,1028.15
783,59100.0,65.4,2,59.0,Sur,903.67
784,,73.6,3,,Este,
785,132200.0,42.2,1,15.0,Recoleta,3132.7
786,99000.0,63.7,1,56.0,Norte,1554.16
787,154100.0,60.3,2,,Belgrano,2555.56
788,223400.0,137.6,5,5.0,Norte,1623.55
789,327900.0,140.4,6,5.0,Belgrano,2335.47
790,135200.0,83.1,4,3.0,Este,1626.96
791,,72.5,4,18.0,Norte,
792,89500.0,97.2,3,35.0,Sur,920.78
793,84400.0,57.4,2,40.0,Norte,1470.38
794,107000.0,47.9,2,18.0,Centro,2233.82
795,136000.0,53.7,3,2.0,Centro,2532.59
796,107700.0,63.5,3,,Norte,1696.06
797,79900.0,47.5,2,57.0,Centro,1682.11
798,,98.4,3,,Centro,
799,338300.0,134.4,4,1.0,Palermo,2517.11
800,86600.0,37.6,2,44.0,Palermo,2303.19
